INSERT INTO `matos3`.`etat_personne` (`nom`) VALUES
('eleve'),
('professeur'),
('technicien'),
('superviseur');

INSERT INTO `matos3`.`promo` (`idpromo`, `nom`, `date_ouverture`, `date_fermeture`) VALUES 
(1, 'PROMOINGE_HF_SEPT_2018', '2018-09-01 00:00:00', '2021-09-30 00:00:00'),
(2, 'PROMOINGE_II_SEPT_2018', '2018-09-01 00:00:00', '2021-09-30 00:00:00'),
(3, 'PROMOINGE_HF_SEPT_2019', '2019-09-01 00:00:00', '2022-09-30 00:00:00'),
(4, 'PROMOINGE_II_SEPT_2019', '2019-09-01 00:00:00', '2022-09-30 00:00:00'),
(5, 'PROMOINGE_FC_SEPT_2019', '2019-09-01 00:00:00', '2021-09-30 00:00:00'),
(6, 'PROMOINGE_HF_SEPT_2020', '2020-09-01 00:00:00', '2023-09-30 00:00:00'),
(7, 'PROMOINGE_II_SEPT_2020', '2020-09-01 00:00:00', '2023-09-30 00:00:00'),
(8, 'PROMOINGE_FC_SEPT_2020', '2020-09-01 00:00:00', '2022-09-30 00:00:00'),
(9, 'PROMOTECH_SEPT_2019'   , '2019-09-01 00:00:00', '2021-08-31 00:00:00'),
(10, 'PROMOTECH_SEPT_2020'  , '2020-09-01 00:00:00', '2022-08-31 00:00:00');

INSERT INTO `matos3`.`personne` (`idpersonne`, `prenom`, `nom`, `email`, `numphone`, `tag`, `date_naissance`, `sexe`, `etat_personne_idetat_personne`, `promo_idpromo`) VALUES
( 1 ,'Alaaeddine', 'Aboulmajdi', 'alaaeddine.aboulmajdi@etu.sorbonne-universite.fr', '0102030405', 28621042 ,'2000-09-01 00:00:00', 1 , 1, 4 ),
( 2 ,'Anis', 'Achit', 'anis.achit@etu.sorbonne-universite.fr', '0102030405', 28616460 ,'2000-09-01 00:00:00', 1 , 1, 4 ),
( 3 ,'Wassim', 'Allal', 'wassim.allal.1@etu.sorbonne-universite.fr', '0102030405', 28610232 ,'2000-09-01 00:00:00', 1 , 1, 4 ),
( 4 ,'Busra', 'Arslan', 'busra.arslan@etu.sorbonne-universite.fr', '0102030405', 3672062 ,'2000-09-01 00:00:00', 2 , 1, 3 ),
( 5 ,'Moctar', 'Daf', 'moctar.daf@etu.sorbonne-universite.fr', '0102030405', 28620994 ,'2000-09-01 00:00:00', 1 , 1, 3 ),
( 6 ,'Alain', 'Davassou', 'alain.davassou@etu.sorbonne-universite.fr', '0102030405', 3523255 ,'2000-09-01 00:00:00', 1 , 1, 4 ),
( 7 ,'Yohan', 'Desbiens', 'yohan.desbiens@etu.sorbonne-universite.fr', '0102030405', 28612336 ,'2000-09-01 00:00:00', 1 , 1, 3 ),
( 8 ,'Emmanuel', 'Dessere', 'emmanuel.dessere@etu.sorbonne-universite.fr', '0102030405', 28613098 ,'2000-09-01 00:00:00', 1 , 1, 3 ),
( 9 ,'Amadou', 'Dia', 'amadou.dia@etu.sorbonne-universite.fr', '0102030405', 28612079 ,'2000-09-01 00:00:00', 1 , 1, 4 ),
( 10 ,'Luc', 'Essafi', 'luc.essafi@etu.sorbonne-universite.fr', '0102030405', 3703952 ,'2000-09-01 00:00:00', 1 , 1, 3 ),
( 11 ,'Ulrich', 'Fokou Takam', 'ulrich.fokou_takam@etu.sorbonne-universite.fr', '0102030405', 28623937 ,'2000-09-01 00:00:00', 1 , 1, 3 ),
( 12 ,'Flavien', 'Foreste', 'flavien.foreste@etu.sorbonne-universite.fr', '0102030405', 28610144 ,'2000-09-01 00:00:00', 1 , 1, 3 ),
( 13 ,'Benjamin', 'Ganem', 'benjamin.ganem@etu.sorbonne-universite.fr', '0102030405', 3702753 ,'2000-09-01 00:00:00', 1 , 1, 3 ),
( 14 ,'Edouard', 'Genty', 'edouard.genty@etu.sorbonne-universite.fr', '0102030405', 28609783 ,'2000-09-01 00:00:00', 1 , 1, 4 ),
( 15 ,'Adrien', 'Guilchard', 'adrien.guilchard@etu.sorbonne-universite.fr', '0102030405', 28609699 ,'2000-09-01 00:00:00', 1 , 1, 3 ),
( 16 ,'Kevin', 'Guiot', 'kevin.guiot@etu.sorbonne-universite.fr', '0102030405', 28610983 ,'2000-09-01 00:00:00', 1 , 1, 3 ),
( 17 ,'Elarbi', 'Idmbarek', 'elarbi.idmbarek@etu.sorbonne-universite.fr', '0102030405', 28611361 ,'2000-09-01 00:00:00', 1 , 1, 4 ),
( 18 ,'Kodzovi', 'Ladzro', 'kodzovi.ladzro@etu.sorbonne-universite.fr', '0102030405', 28611004 ,'2000-09-01 00:00:00', 1 , 1, 4 ),
( 19 ,'Alexandre', 'Lafleur', 'alexandre.lafleur@etu.sorbonne-universite.fr', '0102030405', 28619884 ,'2000-09-01 00:00:00', 1 , 1, 3 ),
( 20 ,'Ilhème', 'Lamouri', 'ilheme.lamouri@etu.sorbonne-universite.fr', '0102030405', 3703519 ,'2000-09-01 00:00:00', 2 , 1, 3 ),
( 21 ,'Youssef', 'Mahinda', 'youssef.mahinda@etu.sorbonne-universite.fr', '0102030405', 28618541 ,'2000-09-01 00:00:00', 1 , 1, 4 ),
( 22 ,'Hugo', 'Marrien', 'hugo.marrien@etu.sorbonne-universite.fr', '0102030405', 28612813 ,'2000-09-01 00:00:00', 1 , 1, 3 ),
( 23 ,'Asmae', 'Meggarzi', 'asmae.meggarzi@etu.sorbonne-universite.fr', '0102030405', 28609561 ,'2000-09-01 00:00:00', 2 , 1, 4 ),
( 24 ,'Anthonio', 'Mezei', 'anthonio.mezei@etu.sorbonne-universite.fr', '0102030405', 3522422 ,'2000-09-01 00:00:00', 1 , 1, 4 ),
( 25 ,'Marylin', 'Milosavljevic', 'marylin.milosavljevic@etu.sorbonne-universite.fr', '0102030405', 3703395 ,'2000-09-01 00:00:00', 2 , 1, 4 ),
( 26 ,'Coumba', 'Ndiaye', 'coumba.ndiaye.1@etu.sorbonne-universite.fr', '0102030405', 28609683 ,'2000-09-01 00:00:00', 2 , 1, 3 ),
( 27 ,'Belmond', 'Nke', 'belmond.nke@etu.sorbonne-universite.fr', '0102030405', 28619973 ,'2000-09-01 00:00:00', 1 , 1, 3 ),
( 28 ,'Clément', 'Ozanne', 'clement.ozanne@etu.sorbonne-universite.fr', '0102030405', 28611438 ,'2000-09-01 00:00:00', 1 , 1, 4 ),
( 29 ,'Mikaël', 'Racaud', 'mikael.racaud@etu.sorbonne-universite.fr', '0102030405', 28621891 ,'2000-09-01 00:00:00', 1 , 1, 4 ),
( 30 ,'Ando', 'Rakotoarisoa', 'ando.rakotoarisoa@etu.sorbonne-universite.fr', '0102030405', 3702534 ,'2000-09-01 00:00:00', 1 , 1, 3 ),
( 31 ,'Ampindo', 'Sagara', 'ampindo.sagara@etu.sorbonne-universite.fr', '0102030405', 28618315 ,'2000-09-01 00:00:00', 1 , 1, 4 ),
( 32 ,'Abderrazek', 'Saidane', 'abderrazek.saidane@etu.sorbonne-universite.fr', '0102030405', 28616830 ,'2000-09-01 00:00:00', 1 , 1, 4 ),
( 33 ,'Marie', 'Taunay', 'marie.taunay@etu.sorbonne-universite.fr', '0102030405', 28612688 ,'2000-09-01 00:00:00', 2 , 1, 3 ),
( 34 ,'Ozkan', 'Topcan', 'ozkan.topcan@etu.sorbonne-universite.fr', '0102030405', 3702580 ,'2000-09-01 00:00:00', 1 , 1, 4 ),
( 35 ,'Jean-Gabriel', 'Vilain', 'jean-gabriel.vilain@etu.sorbonne-universite.fr', '0102030405', 3702594 ,'2000-09-01 00:00:00', 1 , 1, 3 ),
( 36 ,'Richard', 'Lemoucheux', 'richard.lemoucheux@etu.sorbonne-universite.fr', '0102030405', 28622310 ,'1990-09-01 00:00:00', 1 , 1, 5 ),
( 37 ,'Thibault ', 'Gendarme', 'thibault.gendarme@etu.sorbonne-universite.fr', '0102030405', 28623666 ,'1990-09-01 00:00:00', 1 , 1, 5 );

INSERT INTO `matos3`.`materiel` (`nom`) VALUES
('raspberry'),
('souris'),
('cable'),
('valisette'),
('lot de 8 valisettes');

INSERT INTO `matos3`.`instance_materiel` (`idinstance_materiel`, `ean13`, `poids`, `materiel_idmateriel`, `instance_materiel_idinstance_materiel`, `emprunte`) VALUES 
(NULL, 'lot de 8 valisettes #01', '2400', '5', '1', 0),

(NULL, 'valisette #01', '300', '4', '1', '0'),
(NULL, 'valisette #02', '300', '4', '1', '0'),
(NULL, 'valisette #03', '300', '4', '1', '0'),
(NULL, 'valisette #04', '300', '4', '1', '0'),
(NULL, 'valisette #05', '300', '4', '1', '0'),
(NULL, 'valisette #06', '300', '4', '1', '0'),
(NULL, 'valisette #07', '300', '4', '1', '0'),
(NULL, 'valisette #08', '300', '4', '1', '0'),

(NULL, 'raspberry #01', '100', '1', '2', '0'),
(NULL, 'raspberry #02', '100', '1', '3', '0'),
(NULL, 'raspberry #03', '100', '1', '4', '0'),
(NULL, 'raspberry #04', '100', '1', '5', '0'),
(NULL, 'raspberry #05', '100', '1', '6', '0'),
(NULL, 'raspberry #06', '100', '1', '7', '0'),
(NULL, 'raspberry #07', '100', '1', '8', '0'),
(NULL, 'raspberry #08', '100', '1', '9', '0'),

(NULL, 'souris #01', '150', '2', '2', '0'),
(NULL, 'souris #02', '150', '2', '3', '0'),
(NULL, 'souris #03', '150', '2', '4', '0'),
(NULL, 'souris #04', '150', '2', '5', '0'),
(NULL, 'souris #05', '150', '2', '6', '0'),
(NULL, 'souris #06', '150', '2', '7', '0'),
(NULL, 'souris #07', '150', '2', '8', '0'),
(NULL, 'souris #08', '150', '2', '9', '0'),

(NULL, 'cable #01', '50', '3', '2', '0'),
(NULL, 'cable #02', '50', '3', '3', '0'),
(NULL, 'cable #03', '50', '3', '4', '0'),
(NULL, 'cable #04', '50', '3', '5', '0'),
(NULL, 'cable #05', '50', '3', '6', '0'),
(NULL, 'cable #06', '50', '3', '7', '0'),
(NULL, 'cable #07', '50', '3', '8', '0'),
(NULL, 'cable #08', '50', '3', '9', '0');
